product_id,tn_predicho
20001,61.98899954043764
20002,81.81048791459686
20003,61.58899608413109
20004,89.91857462556787
20005,68.17462840456037
20006,36.97124290017359
20007,38.42519175325556
20008,41.279262060420216
20009,19.440514149490024
20010,68.1180041114426
20011,46.01411882987427
20012,17.01739993280146
20013,70.13430324377427
20014,62.2201904580624
20015,93.62560799698893
20016,21.78147040791691
20017,40.64005954243591
20018,38.00022043817048
20019,75.85177248245202
20020,54.72083553580282
20021,12.732747425194344
20022,32.52592059625279
20023,40.58137941567085
20024,39.119943529298226
20025,46.47543892415774
20026,28.5476181001334
20027,36.56363935713384
20028,20.19284687406326
20029,13.615100865076455
20030,32.550895793949586
20031,12.653979373970254
20033,16.177528347165094
20035,35.0829387749126
20037,21.782627906662043
20038,23.397905319697045
20039,0.09786033716618363
20041,27.444539116446922
20043,23.406613739783854
20044,10.564013728006842
20045,15.905967785184153
20046,7.105486792860443
20047,16.677782921175332
20049,69.26460896442785
20050,3.651006616915203
20051,31.186284430002097
20052,6.460963649207344
20053,13.659105414396276
20055,40.48718237470914
20056,11.20185628228776
20057,20.016537477058453
20058,20.980313076691562
20059,5.665861808000398
20062,37.87934130536556
20063,12.338710312895742
20065,10.024752544447386
20066,9.990966898224958
20067,6.530863365690253
20068,20.654413693668523
20069,16.093948092998804
20071,13.70791784743939
20073,21.196188186963703
20074,1.5649510804945508
20077,16.636246778578048
20079,5.173330871791562
20081,16.96456565580773
20085,18.234757867121672
20091,10.391204719939486
20092,7.318249367811051
20095,24.434962644231405
20097,26.50355784435321
20099,2.9581881141148307
20102,2.4966767268168035
20106,2.0857395696812535
20114,2.3007123870180926
20118,3.818425906105599
20119,6.124005887940047
20126,20.545114759974815
20135,11.956299060983227
