product_id,tn_predicho
20001,3.1940271420542627
20002,2.3225132201639904
20003,1.924469384680763
20004,1.3974853965527556
20005,1.3065834144814308
20006,0.9427720171702351
20007,0.887578075071083
20008,0.4794853535354427
20009,1.0987904625868148
20010,0.8208556058391584
20011,0.8929397469524164
20012,0.4336522842552605
20013,0.7370768297791777
20014,0.6392256214979014
20015,0.6938309083287046
20016,0.6437273012946865
20017,0.5279931952931669
20018,0.3700181191452273
20019,0.8060304293860013
20020,0.6284036688873478
20021,0.49909017624803165
20022,0.5124599139449169
20024,0.640873879745202
