product_id,tn_predicho
20023,218.32622241493874
20025,212.17468346133654
20026,242.2904068256642
20027,199.10021317495335
20028,227.05028397548233
20029,206.47828003263925
20030,174.04984979899552
20031,179.73478806180844
20032,406.56614118388626
20033,152.514491395873
20035,156.60495052872668
20037,171.28614745900774
20038,164.14560855555789
20039,157.42073076941912
20041,125.64617407251589
20042,130.9033519717889
20043,122.0940681147355
20044,147.8170811040294
20045,142.56787810253536
20046,166.51209400621005
20047,161.92169799980766
20049,176.6115801581378
20050,113.69472386967975
20051,118.68483172066303
20052,139.12208680052638
20053,150.8292094645992
20054,146.81488508082964
20055,108.8190705727631
20056,127.37695601465347
20057,120.10100244189522
20058,136.21950901251523
20059,140.2744561003808
20061,123.78282336670254
20062,111.77919193721667
20063,121.07776491110513
20065,118.74434566812963
20066,121.75585022942639
20067,121.47229032510262
20068,113.88501628719177
20069,123.81329490132937
20070,107.31412526807026
20071,115.54850229146557
20072,103.71678901341477
20073,88.5244270032574
20074,79.96282558271335
20075,123.04606547076045
20076,96.7635162830037
20077,122.62786146426191
20079,55.80119400599553
20080,59.37591966606173
20081,99.93769802374376
20082,88.40753258004872
20084,115.91359092102505
20087,67.68756631887474
20091,100.47229369369393
20094,104.55619547357847
20096,66.14446529093132
20097,84.23272148100988
20100,-64.23411025455816
20102,38.532663928270765
