product_id,tn_predicho
20023,215.98179801149132
20025,215.69659497025887
20026,233.44179525051092
20027,206.86815936534873
20028,234.49776459652486
20029,217.42915848664558
20030,199.23369984538118
20031,186.13214697062187
20032,331.82001629529714
20033,154.25825953528692
20035,156.07732732978974
20037,179.52366881462132
20038,171.48203965812144
20039,162.6162552072455
20041,129.2973539019353
20042,134.43975228599146
20043,127.468787011335
20044,148.12384854156107
20045,146.19651700195027
20046,173.1343846201616
20047,164.80239076908282
20049,166.15949012164447
20050,118.87347836129211
20051,110.76039440051002
20052,143.95715292348183
20053,151.71698189584552
20054,147.27438698525356
20055,117.85681659443316
20056,139.463443088195
20057,121.91634187838093
20058,135.41826693270403
20059,142.08753853875447
20061,127.2397472051558
20062,114.19022225939744
20063,122.92868300854241
20065,120.58577436009972
20066,123.26262786878954
20067,123.96917640392509
20068,117.07633483630137
20069,124.74583915486875
20070,109.47252559082327
20071,114.54513791651198
20072,114.27842539493444
20073,82.69890000250568
20074,78.58224198670257
20075,127.76872420827726
20076,99.49537021769515
20077,132.08259343404762
20079,64.65848000461195
20080,75.26090666620134
20081,99.83613232595674
20082,92.45601429234517
20084,109.5736830161731
20087,68.85029255298056
20091,100.6713182259184
20094,107.89950421044497
20096,70.12474791610101
20097,90.48267113923836
20100,-28.621344811198583
20102,44.962160714054434
