product_id,tn_predicho
20001,115.93331465517413
20002,155.75288436648555
20003,98.36789787576512
20004,120.26495176189724
20005,28.112496234124023
20006,107.37533490555916
20007,103.20862273720576
20008,116.56201623364913
20009,137.09593291464165
20010,80.71509339212288
20011,78.50623517135259
20012,87.96812318026542
20013,80.67916058088014
20014,69.91396903210644
20015,93.37714678363832
20016,101.20329893920639
20017,44.777724401320484
20018,33.66081166853564
20019,83.86635223044809
20020,41.150329147643916
20021,58.840911464744636
20022,27.645772344979747
20023,32.91857191407368
20025,47.821563897246506
20027,24.56073550388966
20028,33.547179652444825
20029,8.415002130861827
20030,45.08798159177097
20031,11.60942734235261
20032,51.89221538252798
20033,19.993548424188603
20035,6.356685065578691
20042,80.15225650103494
20046,53.30945089329623
20049,42.5060277389317
20052,7.015062591033658
20056,33.0310018683292
20063,18.48133448100926
20073,11.072041646273599
20077,14.951652155674951
20150,24.446189601519336
