product_id,tn_predicho
20001,1172.227315393839
20002,729.4348870789706
20003,321.8929608052857
20004,27.395667458698853
20005,155.76002572116272
20006,50.315179110277356
20007,46.87461843970221
20008,21.66955051944198
20009,137.52934831602064
20010,-0.29835502871418434
20011,69.46121050750476
20012,0.8121126480520804
20013,9.793488570387996
20014,83.32028850483958
20016,7.486367257414189
20024,3.2960188774598675
