product_id,tn_predicho
20001,56.91164772426258
20002,66.47163874875812
20003,62.898773650478645
20004,64.04915977534073
20005,51.88502704273622
20006,53.70101174010415
20007,38.413644051953334
20008,47.39203323625213
20009,20.53712048969401
20010,73.81862746686556
20011,55.21204729792457
20012,20.853287959680877
20013,64.85369594626455
20014,51.81380227483744
20015,79.43282079819336
20016,22.634802244750144
20017,47.79688672546155
20018,35.655661262902285
20019,88.90827348947121
20020,53.38656132148169
20021,19.457709455116607
20022,42.05268535775167
20023,35.36492364940251
20024,40.127150117578935
20025,37.91309935449464
20026,25.609768860080038
20027,32.2989616142803
20028,24.533386124437957
20029,21.98966951904587
20030,32.58721747636975
20031,16.91719362438215
20033,19.989335008299058
20035,29.887100264947556
20037,22.417795743997225
20038,18.895960191818226
20039,4.31795320229971
20041,19.617798469868152
20043,18.94486524387031
20044,7.160984236804104
20045,18.92996567111049
20046,10.802804075716267
20047,10.127079752705198
20049,48.02373337865671
20050,2.7601909701491216
20051,22.396414658001255
20052,8.825304189524406
20053,14.687210248637765
20055,38.54309242482549
20056,10.306935769372656
20057,17.40917948623507
20058,17.509656846014938
20059,4.1830880848002385
20062,27.666624783219333
20063,15.769705187737443
20065,10.39322552666843
20066,6.3772171389349745
20067,5.850921019414152
20068,22.282864216201112
20069,10.164803855799283
20071,8.679896708463632
20073,14.286290912178222
20074,4.21814264829673
20077,19.026872067146826
20079,9.005303523074936
20081,18.207396393484636
20085,13.586947720273004
20091,6.328198831963691
20092,7.02976762068663
20095,21.143362586538842
20097,23.049787706611923
20099,7.365806868468898
20102,3.333573036090082
20106,4.106477741808751
20114,4.688368432210856
20118,5.917805543663359
20119,6.239839532764028
20126,16.25176185598489
20135,9.243927436589937
