product_id,tn_predicho
20001,104.85409432184079
20002,145.25786103315218
20003,87.86551887576513
20004,105.43548209523055
20005,24.95967623412402
20006,93.80183390555916
20007,91.6692860705391
20008,99.52482423364913
20009,127.7536705813083
20010,72.70796672545622
20011,69.79808117135259
20012,78.94210351359874
20013,72.93496958088014
20014,64.89355736543978
20015,83.55091778363831
20016,89.71436693920639
20017,38.34072340132048
20018,27.477889335202306
20019,74.38405523044807
20020,36.79164748097725
20021,53.80693679807797
20022,24.255622011646416
20023,29.411613914073676
20025,43.5168998972465
20027,21.61501650388966
20028,30.210027652444822
20029,8.084595797528493
20030,38.6008949251043
20031,10.604204675685944
20032,51.89221538252798
20033,17.5664874241886
20035,5.944345732245357
20042,75.46087016770161
20046,47.50303622662956
20049,38.8600617389317
20052,7.015062591033658
20056,27.18284320166253
20063,16.56923448100926
20073,9.923264312940265
20077,12.197249489008284
20150,22.696526268186002
