product_id,tn_predicho
20001,717.9025269582132
20002,399.5521567961666
20003,308.58052352869515
20004,27.05277726868802
20005,112.83134556512039
20006,20.052442675085963
20007,55.73984133479837
20008,17.67505676904819
20009,118.34529111920683
20010,14.776260305282719
20011,61.787377077522805
20012,22.224397530179743
20013,26.0217281395444
20014,82.8562109916167
20016,20.622296967622333
20024,16.84076483122571
