product_id,tn_predicho
20001,63.11054767830635
20002,74.6526875402178
20003,69.05767325889175
20004,73.0410172378975
20005,58.70248988319225
20006,57.398136030121506
20007,42.25616322727889
20008,51.51995944229415
20009,22.481171904643016
20010,80.63042787800981
20011,59.81345918091199
20012,22.55502795296102
20013,71.86712627064198
20014,58.03582132064368
20015,88.79538159789226
20016,24.812949285541833
20017,51.86089267970513
20018,39.45568330671934
20019,96.49345073771642
20020,58.85864487506197
20021,20.73098419763604
20022,45.305277417376956
20023,39.423061590969596
20024,44.03914447050876
20025,42.560643246910416
20026,28.46453067009338
20027,35.95532554999368
20028,26.55267081184428
20029,23.351179605553515
20030,35.84230705576471
20031,18.182591561779176
20033,21.607087843015563
20035,33.39539414243882
20037,24.596058534663428
20038,21.23575072378793
20039,4.3277392360163285
20041,22.362252381512842
20043,21.285526617848696
20044,8.217385609604788
20045,20.520562449628905
20046,11.513352755002309
20047,11.794858044822732
20049,54.95019427509949
20050,3.125291631840642
20051,25.515043101001464
20052,9.471400554445141
20053,16.05312079007739
20055,42.591810662296396
20056,11.427121397601432
20057,19.410833233940917
20058,19.60768815368409
20059,4.749674265600278
20062,31.45455891375589
20063,17.003576219027018
20065,11.39570078111317
20066,7.37631382875747
20067,6.504007355983177
20068,24.348305585567964
20069,11.774198665099163
20071,10.050688493207572
20073,16.40590973087459
20074,4.374637756346186
20077,20.69049674500463
20079,9.522636610254093
20081,19.90385295906541
20085,15.41042350698517
20091,7.36731930395764
20092,7.7615925574677345
20095,23.58685885096198
20097,25.700143491047243
20099,7.66162567988038
20102,3.583240708771762
20106,4.315051698776877
20114,4.918439670912665
20118,6.299648134273919
20119,6.852240121558033
20126,18.306273331982368
20135,10.439557342688259
