product_id,tn_predicho
20001,67.36154752549805
20002,77.40412979707949
20003,78.35329947690934
20004,110.65068916998452
20005,85.27741389875003
20006,51.38742543680805
20007,59.71614774089584
20008,76.14401168380724
20009,26.83288986058092
20010,97.83407926529219
20011,49.58525082513577
20012,41.03627849012356
20013,75.75709818892629
20014,71.15918393068128
20015,95.20135064716555
20016,34.11851894462014
20017,60.717020112899725
20018,52.789806816287374
20019,72.75787333622678
20020,71.55772853820025
20021,19.359552970899696
20022,56.59803905740557
20023,80.13473268309644
20024,48.437929817911886
20025,42.96115373553447
20026,36.500274934825775
20027,41.5762780230615
20028,30.34709536777648
20029,21.60098272567729
20030,28.426248827172714
20031,28.94834771000082
20033,24.159067037328384
20035,33.110159546276215
20037,32.757215534898535
20038,28.976105464508652
20039,68.05628181530821
20041,26.4879989634045
20043,35.70646211866045
20044,9.9138881183157
20045,30.585306926555525
20046,8.849957621232761
20047,26.106605938494035
20049,48.58758212226503
20050,6.413646433537471
20051,33.95483170022159
20052,5.667159740269128
20053,20.664006565853512
20055,36.657296507062675
20056,15.76626607085934
20057,36.23598807877733
20058,25.26401258581373
20059,11.206323590322679
20062,47.17126072904116
20063,28.015454399391828
20065,13.197389034394616
20066,18.124913407280204
20067,11.601511057924892
20068,27.988387668130375
20069,31.50681595877274
20071,30.097162352166087
20073,21.230193315092205
20074,2.340706343138774
20077,20.46700586676673
20079,6.980063968674838
20081,21.622548478138565
20085,62.151833173213134
20091,24.311962121816528
20092,12.860727786249106
20095,43.40322907877574
20097,37.19813069730489
20099,1.607185549179272
20102,4.1042855937627545
20106,-1.1582781462989302
20114,1.9825875465714577
20118,0.8567511870744006
20119,10.97926278433065
20126,31.94568163843666
20135,17.115765363954907
