product_id,tn_predicho
20001,789.2017302915465
20002,442.0649004628333
20003,344.64357586202846
20004,30.84882826868802
20005,125.46338623178706
20006,21.99480034175263
20007,64.41479400146504
20008,18.58785676904819
20009,129.3454547858735
20010,17.508298638616054
20011,72.28531907752281
20012,27.38506619684641
20013,29.9542931395444
20014,96.76675132495004
20016,24.614648967622333
20024,19.707264831225707
