product_id,tn_predicho
20001,116.7901665421476
20002,164.2199928720109
20003,97.25858252172598
20004,115.59332761110232
20005,27.543212273144693
20006,102.64872238981901
20007,101.17783208229561
20008,107.59369893925731
20009,144.37481784485968
20010,80.82239784636559
20011,77.07701769991135
20012,87.58611093253188
20013,81.21870234436015
20014,73.1989444263464
20015,92.56295624757803
20016,98.92229542907413
20017,41.512343468207234
20018,28.966076391069357
20019,82.04024926885609
20020,40.744247894473446
20021,60.2577722644243
20022,26.603150513587487
20023,32.56007056641929
20025,48.61738454678759
20027,23.744659754537935
20028,33.576456261185626
20029,9.266825263783241
20030,41.790834079288345
20031,11.868960788300267
20032,60.54091794628264
20033,19.28070482822003
20035,6.7289003542862496
20042,85.69198869565187
20046,52.51700159773449
20049,43.51375569542031
20052,8.184239689539268
20056,28.78923773527295
20063,18.37472356117747
20073,11.002753031763643
20077,12.852923070509664
20150,25.604448979550337
