product_id,tn_predicho
20001,776.5001141318444
20002,439.2419898301389
20003,347.30806710724596
20004,32.03410855724002
20005,125.60622297093366
20006,21.566263062571636
20007,68.1372494456653
20008,17.011213974206825
20009,126.12148509933903
20010,19.1436460877356
20011,77.73433589793567
20012,31.42200294181645
20013,31.516185949620336
20014,103.82319332634725
20016,27.166127473018612
20024,21.20022069268809
