product_id,tn_predicho
20001,115.07646276820066
20002,147.28577586096017
20003,99.47721322980428
20004,124.93657591269215
20005,28.68178019510335
20006,112.10194742129931
20007,105.23941339211592
20008,125.53033352804096
20009,129.8170479844236
20010,80.60778893788017
20011,79.93545264279382
20012,88.35013542799896
20013,80.1396188174001
20014,66.62899363786647
20015,94.1913373196986
20016,103.48430244933866
20017,48.04310533443373
20018,38.35554694600192
20019,85.69245519204006
20020,41.55641040081437
20021,57.42405066506498
20022,28.688394176372014
20023,33.27707326172806
20025,47.02574324770542
20027,25.376811253241385
20028,33.51790304370402
20029,7.563178997940412
20030,48.385129104253586
20031,11.349893896404954
20032,43.24351281877332
20033,20.706392020157168
20035,5.984469776871132
20042,74.61252430641801
20046,54.10190018885797
20049,41.498299782443084
20052,5.845885492528049
20056,37.27276600138544
20063,18.58794540084105
20073,11.141330260783555
20077,17.050381240840238
20150,23.28793022348834
