product_id,tn_predicho
20001,119.36072220306801
20002,189.62131838858699
20003,93.93063645960855
20004,101.5784551587176
20005,25.835360390206706
20006,88.4688848425986
20007,95.08546011756516
20008,80.68874705608188
20009,166.21147263551384
20010,81.1443112090937
20011,72.78936528558765
20012,86.44007418933126
20013,82.83732763480023
20014,83.0538706090663
20015,90.1203846393972
20016,92.07928489867732
20017,31.71620066886748
20018,14.881870558670514
20019,76.56194038408013
20020,39.52600413496207
20021,64.5083546634633
20022,23.475285019410695
20023,31.48456652345613
20025,51.004846495410845
20027,21.296432506482766
20028,33.66428608740804
20029,11.82229466254749
20030,31.8993915418405
20031,12.647561126143241
20032,86.48702563754664
20033,17.142174040314334
20035,7.845546220408929
20042,102.3111852795027
20046,50.13965371104928
20049,46.53693956488616
20052,11.691770985056097
20056,16.063945336104215
20063,18.054890801682102
20073,10.794887188233774
20077,6.556735815013806
20150,29.07922711364334
