product_id,tn_predicho
20001,63.85824643688548
20002,69.88082062396509
20003,74.03679137539888
20004,61.789312312783935
20005,52.387730868946846
20006,71.01606478342012
20007,44.81014420996111
20008,58.34709103021011
20009,24.508277074745013
20010,88.97204372238797
20011,69.01301941493715
20012,26.24677996640073
20013,73.02234162188714
20014,55.24624189569787
20015,85.57523066516114
20016,26.833935203958454
20017,59.34144810455129
20018,40.42599188575191
20019,110.25456957455934
20020,61.61718443456808
20021,26.063142045930505
20022,53.82484863145973
20023,38.65084970783542
20024,47.31861176464911
20025,39.95077946207887
20026,28.4091390500667
20027,35.549783011900246
20028,30.79255343703163
20029,29.84189876587156
20030,38.03658123030813
20031,21.86833302031846
20033,25.226794173582547
20035,32.2703643874563
20037,26.471678953331022
20038,19.79431432651519
20039,7.147658501916426
20041,18.97406122489013
20043,19.871468536558595
20044,6.652966864003421
20045,23.596958892592074
20046,14.451930063096889
20047,8.539574793921
20049,45.40725114888059
20050,2.774814975124268
20051,21.734215548334383
20052,11.47835849127034
20053,17.649131040531472
20055,43.99489618735457
20056,11.577298141143881
20057,19.00703040519589
20058,18.692604871679116
20059,4.1388825706668655
20062,27.17137065268278
20063,20.113486823114535
20065,12.309666272223694
20066,5.633211782445812
20067,6.486103349511794
20068,26.810900180167593
20069,8.894365713166069
20071,7.612535590386361
20073,13.212390760148518
20074,6.247762206913942
20077,23.39333005595569
20079,12.422173769229115
20081,21.863377827903864
20085,13.527533933560836
20091,5.351395693303076
20092,8.057154683905525
20095,23.021456322115704
20097,25.164533922176602
20099,10.797250723724082
20102,4.307616696741735
20106,5.801259784840626
20114,6.663591193509047
20118,7.953796286386132
20119,7.33772961063669
20126,16.813712379987408
20135,9.42839619715828
