product_id,tn_predicho
20001,613.8685404328086
20002,482.90282615094173
20003,218.15532771313298
20004,22.868273331859186
20005,63.20551886298773
20006,13.20135503992259
20007,39.0547681758756
20008,19.031019470602644
20009,98.98399840173842
20010,16.741501004873115
20011,27.527486071512705
20012,9.326942966444783
20013,16.981288557718248
20014,68.83341962610118
20016,16.403401573087436
