product_id,tn_predicho
20001,63.48439705759591
20002,72.26675408209145
20003,71.54723231714532
20004,67.41516477534073
20005,55.54511037606956
20006,64.20710040677082
20007,43.53315371862
20008,54.93352523625214
20009,23.494724489694015
20010,84.8012358001989
20011,64.41323929792458
20012,24.400903959680875
20013,72.44473394626456
20014,56.64103160817078
20015,87.18530613152669
20016,25.823442244750147
20017,55.60117039212821
20018,39.940837596235625
20019,103.37401015613787
20020,60.23791465481503
20021,23.397063121783276
20022,49.56506302441834
20023,39.036955649402515
20024,45.67887811757893
20025,41.25571135449464
20026,28.43683486008004
20027,35.75255428094697
20028,28.672612124437954
20029,26.596539185712537
20030,36.93944414303642
20031,20.025462291048818
20033,23.416941008299055
20035,32.83287926494756
20037,25.533868743997225
20038,20.51503252515156
20039,5.737698868966377
20041,20.668156803201487
20043,20.578497577203645
20044,7.4351762368041046
20045,22.05876067111049
20046,12.982641409049599
20047,10.167216419371865
20049,50.17872271199004
20050,2.950053303482455
20051,23.624629324667925
20052,10.47487952285774
20053,16.85112591530443
20055,43.29335342482549
20056,11.502209769372657
20057,19.208931819568406
20058,19.150146512681605
20059,4.444278418133572
20062,29.312964783219336
20063,18.558531521070776
20065,11.852683526668432
20066,6.504762805601642
20067,6.495055352747485
20068,25.57960288286778
20069,10.334282189132615
20071,8.831612041796966
20073,14.809150245511555
20074,5.311199981630064
20077,22.041913400480162
20079,10.972405189741604
20081,20.88361539348464
20085,14.468978720273004
20091,6.359357498630358
20092,7.90937362068663
20095,23.304157586538842
20097,25.432338706611922
20099,9.229438201802232
20102,3.9454287027567485
20106,5.0581557418087515
20114,5.791015432210856
20118,7.126722210330026
20119,7.094984866097361
20126,17.559992855984888
20135,9.93397676992327
