product_id,mae
20030,94.89365347006874
20022,93.89989883507177
20011,92.61254041648465
20102,92.0466894600667
20019,87.64799290185998
20018,84.16907746464481
20021,81.00110356019316
20017,80.13962628220229
20037,77.70582724470647
20014,74.01966125037359
20127,71.30754896509269
20020,69.79773622320045
20015,67.72921161006936
20013,67.23162040065833
20056,64.00968007200595
